ID,Type,SKU,"GTIN, UPC, EAN, or ISBN",Name,Published,"Is featured?","Visibility in catalog","Short description",Description,"Date sale price starts","Date sale price ends","Tax status","Tax class","In stock?",Stock,"Low stock amount","Backorders allowed?","Sold individually?","Weight (lbs)","Length (in)","Width (in)","Height (in)","Allow customer reviews?","Purchase note","Sale price","Regular price",Categories,Tags,"Shipping class",Images,"Download limit","Download expiry days",Parent,"Grouped products",Upsells,Cross-sells,"External URL","Button text",Position,Brands,"Meta: _wp_page_template","Meta: mb_page_sidebar_layout","Meta: mb_page_sidebar_def_width","Meta: mb_sticky_sidebar","Meta: mb_sidebar_gap","Meta: mb_customize_header_layout","Meta: mb_header_content_type","Meta: mb_header_sticky","Meta: mb_sticky_header_content_type","Meta: mb_mobile_menu_custom","Meta: mb_mobile_menu_header","Meta: mb_page_title_switch","Meta: mb_page_title_bg_switch","Meta: mb_page_title_height","Meta: mb_page_title_align","Meta: mb_page_title_padding","Meta: mb_page_title_margin","Meta: mb_page_title_parallax","Meta: mb_page_title_parallax_speed","Meta: mb_page_title_breadcrumbs_switch","Meta: mb_page_title_breadcrumbs_align","Meta: mb_page_title_breadcrumbs_block_switch","Meta: mb_page_title_font","Meta: mb_page_title_breadcrumbs_font","Meta: mb_page_title_resp_switch","Meta: mb_page_title_resp_resolution","Meta: mb_page_title_resp_padding","Meta: mb_page_title_resp_font","Meta: mb_page_title_resp_breadcrumbs_switch","Meta: mb_page_title_resp_breadcrumbs_font","Meta: rs_page_bg_color","Meta: cmplz_hide_cookiebanner","Meta: _yoast_wpseo_primary_product_brand","Meta: _yoast_wpseo_primary_product_cat","Meta: _yoast_wpseo_content_score","Meta: _yoast_wpseo_estimated-reading-time-minutes","Meta: _elementor_edit_mode","Meta: _elementor_template_type","Meta: _elementor_version","Meta: _elementor_data","Meta: _elementor_element_cache","Meta: post_views_count","Download 1 ID","Download 1 name","Download 1 URL"
13409,simple,,,"Website Development",1,0,visible,"<b>Custom Logo Design</b><span style=""font-weight: 400;""> – Unique identity for your business.</span>
\n
\n<b>Graphics Design</b><span style=""font-weight: 400;""> – Hero banners &amp; portraits for branding.</span>
\n
\n<b>Product Listing</b><span style=""font-weight: 400;""> – Up to 70 products included, additional at Rs 22 per product.</span>","<b>Custom Logo Design</b><span style=""font-weight: 400;""> – Unique identity for your business.</span>
\n
\n<b>Graphics Design</b><span style=""font-weight: 400;""> – Hero banners &amp; portraits for branding.</span>
\n
\n<b>Product Listing</b><span style=""font-weight: 400;""> – Up to 70 products included, additional at Rs 22 per product.</span>
\n
\n<b>6 Months Support</b><span style=""font-weight: 400;""> – Covers major + minor updates (with a maintenance plan).</span>
\n
\n<b>19 Proven Sales Parameters</b><span style=""font-weight: 400;""> – Psychological techniques to boost sales &amp; decision-making.</span>
\n
\n<b>Custom Shopify Store Setup</b><span style=""font-weight: 400;""> – Tailored design and functionality for unique branding.</span>
\n
\n<b>Responsive Design</b><span style=""font-weight: 400;""> – Optimized for mobile and desktop users.</span>
\n
\n<b>Product Listing &amp; Management</b><span style=""font-weight: 400;""> – Bulk upload, categorization, and inventory tracking.</span>
\n
\n<b>Payment Gateway Integration</b><span style=""font-weight: 400;""> – Secure transactions with multiple payment options.</span>
\n
\n<b>Shipping &amp; Tax Configuration</b><span style=""font-weight: 400;""> – Automated calculations for seamless checkout.</span>
\n
\n<b>SEO Optimization</b><span style=""font-weight: 400;""> – Improved visibility with keyword-rich content and meta tags.</span>
\n
\n<b>Third-Party App Integration</b><span style=""font-weight: 400;""> – CRM, ERP, and marketing tools for enhanced functionality.</span>
\n
\n<b>Custom Theme Development</b><span style=""font-weight: 400;""> – Unique themes to match brand identity.</span>
\n
\n<b>Shopify Migration Services</b><span style=""font-weight: 400;""> – Hassle-free transition from other platforms.</span>
\n
\n<b>Performance Optimization</b><span style=""font-weight: 400;""> – Faster load times and improved user experience.</span>
\n
\n<b>Marketing &amp; Sales Features</b><span style=""font-weight: 400;""> – Upselling, cross-selling, and abandoned cart recovery.</span>
\n
\n<b>WhatsApp &amp; Chatbot Integration</b><span style=""font-weight: 400;""> – Real-time customer support.</span>
\n
\n<b>Analytics &amp; Reporting</b><span style=""font-weight: 400;""> – Data-driven insights for business growth.</span>
\n
\n<b>Multi-Currency &amp; Multi-Language Support</b><span style=""font-weight: 400;""> – Global reach for international sales.</span>
\n
\n<b>Ongoing Maintenance &amp; Support</b><span style=""font-weight: 400;""> – Regular updates and troubleshooting</span>
\n
\n<b>Domain &amp; Hosting</b><span style=""font-weight: 400;""> – Client arranges their own.</span>
\n
\n<b>Raw Images &amp; Content</b><span style=""font-weight: 400;""> – Provided by the brand.</span>",,,taxable,,1,,,0,0,,,,,1,,30000,45000,"Web Development",,,"https://hastagcreator.com/wp-content/uploads/2025/05/programming-background-collage-scaled.jpg, https://hastagcreator.com/wp-content/uploads/2025/06/close-up-image-programer-working-his-desk-office-scaled.jpg, https://hastagcreator.com/wp-content/uploads/2025/05/programming-background-collage-scaled.jpg",,,,,,,,,0,,default,default,8,0,30,default,default,1,default,default,Category,default,1,300,center,76,40,0,0.3,1,center,1,40,14,0,1200,60px,32,1,14,,,,,,,,,,,,,,,
14084,simple,,,"You will get - 19 Sales Parameters for website",1,0,visible,"<strong>Announcement Bar – Offer Display</strong>
\n
\nScrolling bar for urgent offers and seasonal deals.
\n
\n<strong>Three Scrolling Offer Banners</strong>
\n
\nRotating promos like Buy 2, 3, or 5 for higher AOV.","<strong>Announcement Bar – Offer Display</strong>
\n
\nScrolling bar for urgent offers and seasonal deals.
\n
\n<strong>Three Scrolling Offer Banners</strong>
\n
\nRotating promos like Buy 2, 3, or 5 for higher AOV.
\n
\n<strong>Product Reel with Buy Option</strong>
\n
\nQuick-view slider with instant purchase button.
\n
\n<strong>Product Categories Display</strong>
\n
\nOrganized layout for simplified product discovery.
\n
\n<strong>Best Seller Products on Homepage</strong>
\n
\nHighlight popular items with high conversion rates.
\n
\n<strong>Return ‘Buy Any 3’ Offer Banner</strong>
\n
\nMid-page deal reminder to increase order volume.
\n
\n<strong>Best Category Products Section</strong>
\n
\nCurated items from top-performing categories.
\n
\n<strong>Review Carousel with Product Images</strong>
\n
\nBlend of visuals and customer testimonials.
\n
\n<strong>Instagram Gallery with Profile Link</strong>
\n
\nLive IG feed adds social proof and lifestyle vibes.
\n
\n<strong>Footer with Policy &amp; Social Links</strong>
\n
\nLegal, support, and social all in one place.
\n
\n<strong>Sticky Side Cart with Checkout Icons</strong>
\n
\nAlways-visible cart with trusted payment logos.
\n
\n<strong>Product Page with White BG + 4 Images</strong>
\n
\nClean visuals to highlight product quality.
\n
\n<strong>Ratings, Verified Badge &amp; Reviews</strong>
\n
\nBuilds trust with real feedback and credibility.
\n
\n<strong>Cash Offer &amp; Coupon Code Display</strong>
\n
\nVisible discounts to drive urgency and value.
\n
\n<strong>Buy Now Button with Payment Icons</strong>
\n
\nCTA reinforced with familiar payment options.
\n
\n<strong>Payment Trust Banner Below Fold</strong>
\n
\nVisual assurance for checkout security.
\n
\n<strong>Trust Icons Block</strong>
\n
\nFast delivery, secure pay, and support reassurance.
\n
\n<strong>Customer Review Grid with Photos</strong>
\n
\nPhoto-based testimonials for authenticity.
\n
\n<strong>Live Viewer Count on Product Summary</strong>
\n
\nDynamic FOMO element for higher engagement.",,,taxable,,1,,,0,0,,,,,1,,995,1950,"Web Development",,,"https://hastagcreator.com/wp-content/uploads/2025/06/ui-ux-representations-with-laptop-scaled.jpg, https://hastagcreator.com/wp-content/uploads/2025/06/woman-live-streaming-online-shopping-campaign-scaled.jpg, https://hastagcreator.com/wp-content/uploads/2025/06/ui-ux-representations-with-smartphone-scaled.jpg",,,,,,,,,0,,default,default,8,0,30,default,default,1,default,default,Category,default,1,300,center,76,40,0,0.3,1,center,1,40,14,0,1200,60px,32,1,14,,,,,,,,,,,,,,,
14086,simple,,,"D2C-Performance Marketing (Meta Ads)",1,0,visible,"<ul>
\n 	<li><span style=""font-weight: 400;"">Full-funnel Meta Ads strategy designed for ROAS, not just reach.</span></li>
\n 	<li><span style=""font-weight: 400;"">Includes audience targeting, creative design, campaign scaling &amp; CRO.</span></li>
\n 	<li><span style=""font-weight: 400;"">Real-time analytics, catalog retargeting, and WhatsApp funnels integrated.</span></li>
\n</ul>
\n&nbsp;","<b>Meta Ads Services We Offer:</b>
\n<ol>
\n 	<li style=""font-weight: 400;"" aria-level=""1""><b>Audience Research &amp; Persona Mapping</b><span style=""font-weight: 400;""> Deep targeting using psychographics and pixel data to find your ideal buyers.</span></li>
\n 	<li style=""font-weight: 400;"" aria-level=""1""><b>Ad Account Setup &amp; Optimization</b><span style=""font-weight: 400;""> Business Manager, Pixel, and Conversion Events configured for success.</span></li>
\n 	<li style=""font-weight: 400;"" aria-level=""1""><b>Creative Strategy &amp; Ad Design</b><span style=""font-weight: 400;""> Thumb-stopping visuals and copy built for emotion-driven clicks.</span></li>
\n 	<li style=""font-weight: 400;"" aria-level=""1""><b>Conversion-Oriented Campaign Structures</b><span style=""font-weight: 400;""> TOFU, MOFU, BOFU funnels customized for the D2C customer journey.</span></li>
\n 	<li style=""font-weight: 400;"" aria-level=""1""><b>Sales Psychology Integration</b><span style=""font-weight: 400;""> Scarcity, urgency, and emotional triggers embedded into ad messaging.</span></li>
\n 	<li style=""font-weight: 400;"" aria-level=""1""><b>Product Feed &amp; Catalog Ads</b><span style=""font-weight: 400;""> Real-time dynamic ads synced directly from your Shopify store.</span></li>
\n 	<li style=""font-weight: 400;"" aria-level=""1""><b>A/B Testing &amp; Creative Variations</b><span style=""font-weight: 400;""> Structured testing to isolate top performers and drive ROAS.</span></li>
\n 	<li style=""font-weight: 400;"" aria-level=""1""><b>Retargeting &amp; Lookalike Campaigns</b><span style=""font-weight: 400;""> Precision audiences for abandoned carts, product viewers, and 1%–10% lookalikes.</span></li>
\n 	<li style=""font-weight: 400;"" aria-level=""1""><b>Budget Optimization &amp; Scaling</b><span style=""font-weight: 400;""> Smart bid strategies and spend allocation for growth at every stage.</span></li>
\n 	<li style=""font-weight: 400;"" aria-level=""1""><b>Landing Page Audit &amp; CRO Input</b><span style=""font-weight: 400;""> Ensure clicks don’t go to waste—your Shopify pages are audited for conversions.</span></li>
\n 	<li style=""font-weight: 400;"" aria-level=""1""><b>Real-Time Analytics &amp; Reporting</b><span style=""font-weight: 400;""> Easy-to-digest KPIs: CTR, CVR, ROAS, CPA, CAC, and more.</span></li>
\n 	<li style=""font-weight: 400;"" aria-level=""1""><b>Ad Compliance &amp; Meta Policy Alignment</b><span style=""font-weight: 400;""> We keep your account safe with creative reviews and policy compliance.</span></li>
\n 	<li style=""font-weight: 400;"" aria-level=""1""><b>Offer Strategy (BOGO, Flash Sale)</b><span style=""font-weight: 400;""> Build ad funnels around limited-time or bundle incentives.</span></li>
\n 	<li style=""font-weight: 400;"" aria-level=""1""><b>WhatsApp &amp; Messenger Funnels</b><span style=""font-weight: 400;""> Lead-gen through chat-based retargeting for instant conversions.</span></li>
\n 	<li style=""font-weight: 400;"" aria-level=""1""><b>Campaign Monitoring &amp; Performance Tuning</b><span style=""font-weight: 400;""> Weekly optimization to sharpen delivery and scale winners.</span></li>
\n</ol>
\n<b>Note:</b> <i><span style=""font-weight: 400;"">Ad spend budget on Meta (Facebook &amp; Instagram) will be directly managed and funded by the brand.</span></i><span style=""font-weight: 400;""> Our agency fee covers setup, strategy, creative, optimization, and reporting only.</span>",,,taxable,,1,,,0,0,,,,,1,,45750,50000,"Performance Marketing",,,"https://hastagcreator.com/wp-content/uploads/2025/06/young-businesswoman-working-with-vr-glasses-scaled.jpg, https://hastagcreator.com/wp-content/uploads/2025/06/high-angle-people-working-with-laptop-scaled.jpg, https://hastagcreator.com/wp-content/uploads/2025/06/young-businesswoman-working-with-vr-glasses-scaled.jpg, https://hastagcreator.com/wp-content/uploads/2025/06/freelancer-woman-comparing-graphics-from-clipboard-with-grafics-from-computer-business-office-scaled.jpg",,,,,,,,,0,,default,default,8,0,30,default,default,1,default,default,Category,default,1,300,center,76,40,0,0.3,1,center,1,40,14,0,1200,60px,32,1,14,,,,,,,,,,,,,,,
14090,simple,,,"Dropshipping Sales",1,0,visible,"<ul>
\n 	<li style=""font-weight: 400;"" aria-level=""1""><span style=""font-weight: 400;"">We help you drive dropshipping sales with proven Meta Ads strategies and viral creatives.</span></li>
\n 	<li style=""font-weight: 400;"" aria-level=""1""><span style=""font-weight: 400;"">Includes product testing, retargeting funnels, Pixel setup, and performance tracking.</span></li>
\n 	<li style=""font-weight: 400;"" aria-level=""1""><span style=""font-weight: 400;"">Built to scale winning products fast with A/B testing and ROAS-based optimization.</span></li>
\n 	<li style=""font-weight: 400;"" aria-level=""1""><i><span style=""font-weight: 400;"">Note: You manage product fulfillment and ad spend—we handle the growth engine.</span></i></li>
\n</ul>","<h3><b>Dropshipping Sales Services We Offer:</b></h3>
\n<ol>
\n 	<li style=""font-weight: 400;"" aria-level=""1""><b>Winning Product Research &amp; Validation</b><span style=""font-weight: 400;""> We identify trending, margin-rich products tailored for your niche audience.</span></li>
\n 	<li style=""font-weight: 400;"" aria-level=""1""><b>Ad Creative Development (Images, Videos, Copy)</b><span style=""font-weight: 400;""> High-converting creatives optimized for Meta Ads, focused on impulse buying behavior.</span></li>
\n 	<li style=""font-weight: 400;"" aria-level=""1""><b>One-Product &amp; Multi-Product Funnel Strategies</b><span style=""font-weight: 400;""> Direct-response campaign structures for single-product stores or niche catalogs.</span></li>
\n 	<li style=""font-weight: 400;"" aria-level=""1""><b>Full Meta Ads Management (Facebook + Instagram)</b><span style=""font-weight: 400;""> Campaign setup, optimization, and scaling with a clear ROAS-first approach.</span></li>
\n 	<li style=""font-weight: 400;"" aria-level=""1""><b>WhatsApp Lead Integration &amp; Retargeting Funnels</b><span style=""font-weight: 400;""> Retarget cart abandoners and product viewers with real-time chat automation.</span></li>
\n 	<li style=""font-weight: 400;"" aria-level=""1""><b>Conversion-Optimized Landing Page Review</b><span style=""font-weight: 400;""> Audit and feedback to ensure every ad click leads to potential sales.</span></li>
\n 	<li style=""font-weight: 400;"" aria-level=""1""><b>Pixel Integration &amp; Audience Tracking</b><span style=""font-weight: 400;""> Event setup to analyze buyer journeys and fuel dynamic retargeting.</span></li>
\n 	<li style=""font-weight: 400;"" aria-level=""1""><b>A/B Testing for Product, Audience &amp; Creative</b><span style=""font-weight: 400;""> Structured experiments to identify top performers for higher ROI.</span></li>
\n 	<li style=""font-weight: 400;"" aria-level=""1""><b>Order Flow Consultation with Supplier Coordination</b><span style=""font-weight: 400;""> Guidance on syncing orders with fulfillment partners or dropship suppliers.</span></li>
\n 	<li style=""font-weight: 400;"" aria-level=""1""><b>Weekly Performance Reporting &amp; Strategic Optimizations</b><span style=""font-weight: 400;""> Transparent dashboards and next-step growth recommendations.</span></li>
\n</ol>
\n<b>Note:</b> <i><span style=""font-weight: 400;"">Product fulfillment, customer support, and ad budget are directly handled by the brand. Our focus is high-performance marketing execution.</span></i>",,,taxable,,1,,,0,0,,,,,1,,32350,45000,"Performance Marketing, Web Development",,,"https://hastagcreator.com/wp-content/uploads/2025/05/course-thumb-3.jpg, https://hastagcreator.com/wp-content/uploads/2025/05/course-thumb-4.jpg, https://hastagcreator.com/wp-content/uploads/2025/05/course-thumb-2.jpg, https://hastagcreator.com/wp-content/uploads/2025/05/course-thumb-5.jpg",,,,,,,,,0,,default,default,8,0,30,default,default,1,default,default,Category,default,1,300,center,76,40,0,0.3,1,center,1,40,14,0,1200,60px,32,1,14,,,,,,,,,,,,,,,
14092,simple,,,"Google Ads Marketing",1,0,visible,"<ul>
\n 	<li style=""font-weight: 400;"" aria-level=""1""><span style=""font-weight: 400;"">Generate high-intent traffic and measurable sales with targeted Google Ads.</span></li>
\n 	<li style=""font-weight: 400;"" aria-level=""1""><span style=""font-weight: 400;"">Includes Search, Display, Shopping, YouTube, remarketing, and CRO consulting.</span></li>
\n 	<li style=""font-weight: 400;"" aria-level=""1""><span style=""font-weight: 400;"">Campaigns built to scale profitably with smart bidding, testing, and reporting.</span></li>
\n 	<li style=""font-weight: 400;"" aria-level=""1""><i><span style=""font-weight: 400;"">Note: Client manages Google Ads budget—our focus is on strategy and execution.</span></i></li>
\n</ul>","<h3><b>Google Ads Marketing Services We Offer:</b></h3>
\n<ol>
\n 	<li style=""font-weight: 400;"" aria-level=""1""><b>Keyword Research &amp; Competitor Gap Analysis</b><span style=""font-weight: 400;""> Find high-intent keywords and bidding gaps to target ready-to-buy customers.</span></li>
\n 	<li style=""font-weight: 400;"" aria-level=""1""><b>Search Ad Campaigns (Branded + Non-Branded)</b><span style=""font-weight: 400;""> Get discovered at the right moment with optimized Google Search Ads.</span></li>
\n 	<li style=""font-weight: 400;"" aria-level=""1""><b>Display Ad Campaigns for Awareness &amp; Retargeting</b><span style=""font-weight: 400;""> Engage your audience across Google’s vast display network.</span></li>
\n 	<li style=""font-weight: 400;"" aria-level=""1""><b>Shopping Ads (for eCommerce &amp; Dropshipping)</b><span style=""font-weight: 400;""> Product feed integration for smart shopping, performance max &amp; conversion lift.</span></li>
\n 	<li style=""font-weight: 400;"" aria-level=""1""><b>YouTube Ads (Skippable, Bumper, Discovery)</b><span style=""font-weight: 400;""> Reach targeted users via video ads on YouTube with intent-based targeting.</span></li>
\n 	<li style=""font-weight: 400;"" aria-level=""1""><b>Geo &amp; Device-Specific Targeting</b><span style=""font-weight: 400;""> Laser-focus your ads by region, language, or device for maximum efficiency.</span></li>
\n 	<li style=""font-weight: 400;"" aria-level=""1""><b>A/B Testing for Headlines, CTAs &amp; Landing Pages</b><span style=""font-weight: 400;""> Run split tests across multiple ad elements for improved CTR and conversions.</span></li>
\n 	<li style=""font-weight: 400;"" aria-level=""1""><b>Conversion Tracking &amp; Tag Setup</b><span style=""font-weight: 400;""> We set up your tags, Google Analytics 4, and conversion events to track ROI.</span></li>
\n 	<li style=""font-weight: 400;"" aria-level=""1""><b>Ad Extensions &amp; Sitelink Integration</b><span style=""font-weight: 400;""> Add sitelinks, callouts, phone numbers, and location extensions for richer ads.</span></li>
\n 	<li style=""font-weight: 400;"" aria-level=""1""><b>Retargeting Campaigns for Site Visitors</b><span style=""font-weight: 400;""> Bring back bounced traffic and cart abandoners with tailored follow-ups.</span></li>
\n 	<li style=""font-weight: 400;"" aria-level=""1""><b>Daily Budget &amp; Bid Strategy Optimization</b><span style=""font-weight: 400;""> Smart bidding and pacing adjustments to maximize your daily returns.</span></li>
\n 	<li style=""font-weight: 400;"" aria-level=""1""><b>Landing Page CRO Suggestions</b><span style=""font-weight: 400;""> Audits and actionable tweaks to improve page speed, content, and CTA flow.</span></li>
\n 	<li style=""font-weight: 400;"" aria-level=""1""><b>Remarketing for Product Views &amp; Abandoned Carts</b><span style=""font-weight: 400;""> Precision remarketing that reminds users of what they almost bought.</span></li>
\n 	<li style=""font-weight: 400;"" aria-level=""1""><b>Weekly Reporting with Key Performance Metrics</b><span style=""font-weight: 400;""> Track CTR, CPC, ROAS, Impressions, and conversions with total clarity.</span></li>
\n 	<li style=""font-weight: 400;"" aria-level=""1""><b>Ad Policy Compliance &amp; Appeal Support</b><span style=""font-weight: 400;""> Stay compliant with Google's advertising standards—we handle all the details.</span></li>
\n</ol>
\n<b>Note:</b> <i><span style=""font-weight: 400;"">Ad spend on Google (Search, Display, Shopping, YouTube) is managed and funded directly by the client. Our agency fees cover setup, management, creative optimization, and performance analytics.</span></i>",,,taxable,,1,,,0,0,,,,,1,,32000,45000,"Performance Marketing",,,"https://hastagcreator.com/wp-content/uploads/2025/06/businesswoman-working-laptop-scaled.jpg, https://hastagcreator.com/wp-content/uploads/2025/06/businesswoman-working-laptop-scaled.jpg",,,,,,,,,0,,default,default,8,0,30,default,default,1,default,default,Category,default,1,300,center,76,40,0,0.3,1,center,1,40,14,0,1200,60px,32,1,14,,,,,,,,,,,,,,,
14094,simple,,,"UGC Video Creation",1,0,visible,"<ul>
\n 	<li style=""font-weight: 400;"" aria-level=""1""><span style=""font-weight: 400;"">Authentic UGC videos crafted for Meta Ads, reels, and D2C brand storytelling.</span></li>
\n</ul>
\n<ul>
\n 	<li style=""font-weight: 400;"" aria-level=""1""><span style=""font-weight: 400;"">Includes scriptwriting, shooting, editing, text overlays &amp; platform optimization.</span></li>
\n</ul>
\n<ul>
\n 	<li style=""font-weight: 400;"" aria-level=""1""><span style=""font-weight: 400;"">Built for performance—multiple hooks, short formats, and CTA-driven content.</span></li>
\n</ul>
\n<ul>
\n 	<li style=""font-weight: 400;"" aria-level=""1""><span style=""font-weight: 400;"">Note: Creator fees and content usage rights are tailored per project scope.</span></li>
\n</ul>
\n&nbsp;","<ul>
\n 	<li style=""font-weight: 400;"" aria-level=""1""><b>Product-Based Script Writing</b><span style=""font-weight: 400;""> Storyboard and script tailored to highlight product benefits and emotional triggers.</span></li>
\n</ul>
\n<ul>
\n 	<li style=""font-weight: 400;"" aria-level=""1""><b>Casting &amp; Creator Coordination</b><span style=""font-weight: 400;""> Connect with real creators/influencers for authentic content shoots.</span></li>
\n</ul>
\n<ul>
\n 	<li style=""font-weight: 400;"" aria-level=""1""><b>Native Style Shooting (Self-shot Format)</b><span style=""font-weight: 400;""> Videos shot in natural, relatable formats optimized for ads and reels.</span></li>
\n</ul>
\n<ul>
\n 	<li style=""font-weight: 400;"" aria-level=""1""><b>Platform-Specific Orientation</b><span style=""font-weight: 400;""> Deliverables in 9:16 (Reels/Stories), 1:1 (Feed), and 16:9 (YouTube/Website).</span></li>
\n</ul>
\n<ul>
\n 	<li style=""font-weight: 400;"" aria-level=""1""><b>Performance-Ad UGC Editing</b><span style=""font-weight: 400;""> Cut, caption, subtitle, and edit with viral formats, hooks, and CTAs.</span></li>
\n</ul>
\n<ul>
\n 	<li style=""font-weight: 400;"" aria-level=""1""><b>Multiple Hook Variations</b><span style=""font-weight: 400;""> 2–3 intro versions tested for better retention and engagement.</span></li>
\n</ul>
\n<ul>
\n 	<li style=""font-weight: 400;"" aria-level=""1""><b>Voiceover, Text Overlays &amp; Subtitles</b><span style=""font-weight: 400;""> Clean and branded captioning with attention-grabbing overlays.</span></li>
\n</ul>
\n<ul>
\n 	<li style=""font-weight: 400;"" aria-level=""1""><b>Swipe Files &amp; Brand Reference Matching</b><span style=""font-weight: 400;""> Style references for alignment with trending UGC formats.</span></li>
\n</ul>
\n<ul>
\n 	<li style=""font-weight: 400;"" aria-level=""1""><b>Usage Rights &amp; Licensing</b><span style=""font-weight: 400;""> Defined usage terms for organic use, paid ads, and platforms.</span></li>
\n</ul>
\n<ul>
\n 	<li style=""font-weight: 400;"" aria-level=""1""><b>Turnaround Time Promise</b><span style=""font-weight: 400;""> Typical TAT: 5–7 working days from script approval to final edits.</span></li>
\n</ul>
\n<b>Note:</b><span style=""font-weight: 400;""> UGC creators may be sourced from our internal network or suggested by the client. Pricing may vary based on creator tier, usage rights, and deliverables.</span>",,,taxable,,1,,,0,0,,,,,1,,6000,8000,"All Services",,,"https://hastagcreator.com/wp-content/uploads/2025/06/high-angle-woman-working-desk-scaled.jpg, https://hastagcreator.com/wp-content/uploads/2025/06/medium-shot-specialized-photographers-working-studio-scaled.jpg, https://hastagcreator.com/wp-content/uploads/2025/06/high-angle-woman-working-desk-scaled.jpg, https://hastagcreator.com/wp-content/uploads/2025/06/people-working-together-new-movie-scaled.jpg",,,,,,,,,0,,default,default,8,0,30,default,default,1,default,default,Category,default,1,300,center,76,40,0,0.3,1,center,1,40,14,0,1200,60px,32,1,14,,,,,90,1,,,,,,,,,
14096,simple,,,"Influencer Marketing",1,0,visible,"<ul>
\n 	<li style=""font-weight: 400;"" aria-level=""1""><span style=""font-weight: 400;"">Get your brand seen and trusted through high-performing influencer collaborations.</span></li>
\n 	<li style=""font-weight: 400;"" aria-level=""1""><span style=""font-weight: 400;"">We handle sourcing, briefing, negotiation, content approvals, and performance tracking.</span></li>
\n 	<li style=""font-weight: 400;"" aria-level=""1""><span style=""font-weight: 400;"">Delivered as ad-ready UGC and organic content across Instagram, YouTube &amp; more.</span></li>
\n 	<li style=""font-weight: 400;"" aria-level=""1""><i><span style=""font-weight: 400;"">Note: Creator fees and timelines vary per campaign scope and niche.</span></i></li>
\n</ul>","<h4>Rate Card</h4>
\n<img src=""https://hastagcreator.com/wp-content/uploads/2025/06/Influencer-Rate-Card-1-1-724x1024.png"" sizes=""(max-width: 724px) 100vw, 724px"" srcset=""https://hastagcreator.com/wp-content/uploads/2025/06/Influencer-Rate-Card-1-1-724x1024.png 724w, https://hastagcreator.com/wp-content/uploads/2025/06/Influencer-Rate-Card-1-1-212x300.png 212w, https://hastagcreator.com/wp-content/uploads/2025/06/Influencer-Rate-Card-1-1-768x1086.png 768w, https://hastagcreator.com/wp-content/uploads/2025/06/Influencer-Rate-Card-1-1-1086x1536.png 1086w, https://hastagcreator.com/wp-content/uploads/2025/06/Influencer-Rate-Card-1-1-1448x2048.png 1448w, https://hastagcreator.com/wp-content/uploads/2025/06/Influencer-Rate-Card-1-1-340x480.png 340w, https://hastagcreator.com/wp-content/uploads/2025/06/Influencer-Rate-Card-1-1-1140x1612.png 1140w, https://hastagcreator.com/wp-content/uploads/2025/06/Influencer-Rate-Card-1-1.png 1655w"" alt="""" width=""724"" height=""1024"" />
\n<ol>
\n 	<li style=""font-weight: 400;"" aria-level=""1""><b>Influencer Sourcing (Micro to Mega &amp; celebrity )</b> Curated shortlist of creators based on niche, engagement, audience quality, and geography.</li>
\n 	<li style=""font-weight: 400;"" aria-level=""1""><b>Campaign Planning &amp; Briefing</b> Clear creative direction, brand messaging, and CTA structure provided to all influencers.</li>
\n 	<li style=""font-weight: 400;"" aria-level=""1""><b>Creator Outreach &amp; Negotiation</b> We handle communication, pricing, and deliverables alignment professionally.</li>
\n 	<li style=""font-weight: 400;"" aria-level=""1""><b>UGC + Promotional Video Deliverables</b> Influencers deliver both ad-ready UGC and organic brand mentions.</li>
\n 	<li style=""font-weight: 400;"" aria-level=""1""><b>Content Review &amp; Brand Approval</b> All content is pre-approved by your team before it goes live.</li>
\n 	<li style=""font-weight: 400;"" aria-level=""1""><b>Multi-Platform Campaign Execution</b> Campaigns delivered across Instagram, YouTube, and short-form platforms like Reels/Shorts.</li>
\n 	<li style=""font-weight: 400;"" aria-level=""1""><b>Hashtag &amp; Tag Monitoring</b> Ensure brand visibility, accurate tagging, and proper campaign tracking.</li>
\n 	<li style=""font-weight: 400;"" aria-level=""1""><b>Coupon Code &amp; Affiliate Integration</b> Trackable links or coupon codes for measuring individual influencer performance.</li>
\n 	<li style=""font-weight: 400;"" aria-level=""1""><b>Engagement Monitoring &amp; Community Response</b> We track comments, DMs, and brand mentions post-launch.</li>
\n 	<li style=""font-weight: 400;"" aria-level=""1""><b>Performance Report &amp; ROI Summary</b> Full analytics on reach, engagement, clicks, conversions, and creator breakdown.</li>
\n</ol>
\n<b>Note:</b> <i>Influencer selection, pricing, and timelines vary by niche, audience size, and content type. All campaigns are customized for your budget, market, and growth goals.</i>",,,taxable,,1,,,0,0,,,,,1,,,000,"All Services",,,"https://hastagcreator.com/wp-content/uploads/2025/06/medium-shot-smiley-woman-with-ring-light-scaled.jpg, https://hastagcreator.com/wp-content/uploads/2025/06/medium-shot-smiley-woman-with-ring-light-scaled.jpg, https://hastagcreator.com/wp-content/uploads/2025/06/beautiful-blogger-recording-make-up-video-scaled.jpg, https://hastagcreator.com/wp-content/uploads/2025/06/beautiful-woman-recording-herself-with-mobile-phone-scaled.jpg",,,,,,,,,0,,default,default,8,0,30,default,default,1,default,default,Category,default,1,300,center,76,40,0,0.3,1,center,1,40,14,0,1200,60px,32,1,14,,,,,90,2,builder,wp-post,3.29.2,"[{""id"":""b95c92f"",""elType"":""container"",""settings"":{""flex_direction"":""row"",""flex_gap"":{""unit"":""px"",""size"":0,""column"":""0"",""row"":""0""}},""elements"":[{""id"":""5b9901b"",""elType"":""container"",""settings"":{""flex_direction"":""column"",""content_width"":""full"",""width"":{""unit"":""%"",""size"":""50""}},""elements"":[{""id"":""efc31e7"",""elType"":""widget"",""settings"":{""title"":""Rate Card"",""header_size"":""h4"",""title_color"":""#251C1E""},""elements"":[],""widgetType"":""heading""},{""id"":""b79b7a8"",""elType"":""widget"",""settings"":{""image"":{""url"":""https:\/\/hastagcreator.com\/wp-content\/uploads\/2025\/06\/Influencer-Rate-Card-1-1.png"",""id"":14900,""size"":"""",""alt"":"""",""source"":""library""}},""elements"":[],""widgetType"":""image""}],""isInner"":true},{""id"":""82d692c"",""elType"":""container"",""settings"":{""flex_direction"":""column"",""content_width"":""full"",""width"":{""unit"":""%"",""size"":""50""}},""elements"":[{""id"":""4443928f"",""elType"":""widget"",""settings"":{""editor"":""<ol><li style=\""font-weight: 400;\"" aria-level=\""1\""><b>Influencer Sourcing (Micro to Mega &amp; celebrity )<\/b><span style=\""font-weight: 400;\""> Curated shortlist of creators based on niche, engagement, audience quality, and geography.<\/span><\/li><li style=\""font-weight: 400;\"" aria-level=\""1\""><b>Campaign Planning &amp; Briefing<\/b><span style=\""font-weight: 400;\""> Clear creative direction, brand messaging, and CTA structure provided to all influencers.<\/span><\/li><li style=\""font-weight: 400;\"" aria-level=\""1\""><b>Creator Outreach &amp; Negotiation<\/b><span style=\""font-weight: 400;\""> We handle communication, pricing, and deliverables alignment professionally.<\/span><\/li><li style=\""font-weight: 400;\"" aria-level=\""1\""><b>UGC + Promotional Video Deliverables<\/b><span style=\""font-weight: 400;\""> Influencers deliver both ad-ready UGC and organic brand mentions.<\/span><\/li><li style=\""font-weight: 400;\"" aria-level=\""1\""><b>Content Review &amp; Brand Approval<\/b><span style=\""font-weight: 400;\""> All content is pre-approved by your team before it goes live.<\/span><\/li><li style=\""font-weight: 400;\"" aria-level=\""1\""><b>Multi-Platform Campaign Execution<\/b><span style=\""font-weight: 400;\""> Campaigns delivered across Instagram, YouTube, and short-form platforms like Reels\/Shorts.<\/span><\/li><li style=\""font-weight: 400;\"" aria-level=\""1\""><b>Hashtag &amp; Tag Monitoring<\/b><span style=\""font-weight: 400;\""> Ensure brand visibility, accurate tagging, and proper campaign tracking.<\/span><\/li><li style=\""font-weight: 400;\"" aria-level=\""1\""><b>Coupon Code &amp; Affiliate Integration<\/b><span style=\""font-weight: 400;\""> Trackable links or coupon codes for measuring individual influencer performance.<\/span><\/li><li style=\""font-weight: 400;\"" aria-level=\""1\""><b>Engagement Monitoring &amp; Community Response<\/b><span style=\""font-weight: 400;\""> We track comments, DMs, and brand mentions post-launch.<\/span><\/li><li style=\""font-weight: 400;\"" aria-level=\""1\""><b>Performance Report &amp; ROI Summary<\/b><span style=\""font-weight: 400;\""> Full analytics on reach, engagement, clicks, conversions, and creator breakdown.<\/span><\/li><\/ol><p><b>Note:<\/b> <i><span style=\""font-weight: 400;\"">Influencer selection, pricing, and timelines vary by niche, audience size, and content type. All campaigns are customized for your budget, market, and growth goals.<\/span><\/i><\/p>""},""elements"":[],""widgetType"":""text-editor""}],""isInner"":true}],""isInner"":false},{""id"":""1e397bd3"",""elType"":""container"",""settings"":[],""elements"":[],""isInner"":false}]","{""timeout"":1774933306,""value"":{""content"":""<div class=\""elementor-element elementor-element-b95c92f e-flex e-con-boxed e-con e-parent\"" data-id=\""b95c92f\"" data-element_type=\""container\"">\n\t\t\t\t\t<div class=\""e-con-inner\"">\n\t\t<div class=\""elementor-element elementor-element-5b9901b e-con-full e-flex e-con e-child\"" data-id=\""5b9901b\"" data-element_type=\""container\"">\n\t\t\t\t<div class=\""elementor-element elementor-element-efc31e7 jltma-glass-effect-no elementor-widget elementor-widget-heading\"" data-id=\""efc31e7\"" data-element_type=\""widget\"" data-widget_type=\""heading.default\"">\n\t\t\t\t<div class=\""elementor-widget-container\"">\n\t\t\t\t\t<h4 class=\""elementor-heading-title elementor-size-default\"">Rate Card<\/h4>\t\t\t\t<\/div>\n\t\t\t\t<\/div>\n\t\t\t\t<div class=\""elementor-element elementor-element-b79b7a8 jltma-glass-effect-no elementor-widget elementor-widget-image\"" data-id=\""b79b7a8\"" data-element_type=\""widget\"" data-widget_type=\""image.default\"">\n\t\t\t\t<div class=\""elementor-widget-container\"">\n\t\t\t\t\t\t\t\t\t\t\t\t\t\t\t<img width=\""724\"" height=\""1024\"" src=\""https:\/\/hastagcreator.com\/wp-content\/uploads\/2025\/06\/Influencer-Rate-Card-1-1-724x1024.png\"" class=\""attachment-large size-large wp-image-14900\"" alt=\""\"" srcset=\""https:\/\/hastagcreator.com\/wp-content\/uploads\/2025\/06\/Influencer-Rate-Card-1-1-724x1024.png 724w, https:\/\/hastagcreator.com\/wp-content\/uploads\/2025\/06\/Influencer-Rate-Card-1-1-212x300.png 212w, https:\/\/hastagcreator.com\/wp-content\/uploads\/2025\/06\/Influencer-Rate-Card-1-1-768x1086.png 768w, https:\/\/hastagcreator.com\/wp-content\/uploads\/2025\/06\/Influencer-Rate-Card-1-1-1086x1536.png 1086w, https:\/\/hastagcreator.com\/wp-content\/uploads\/2025\/06\/Influencer-Rate-Card-1-1-1448x2048.png 1448w, https:\/\/hastagcreator.com\/wp-content\/uploads\/2025\/06\/Influencer-Rate-Card-1-1-340x480.png 340w, https:\/\/hastagcreator.com\/wp-content\/uploads\/2025\/06\/Influencer-Rate-Card-1-1-1140x1612.png 1140w, https:\/\/hastagcreator.com\/wp-content\/uploads\/2025\/06\/Influencer-Rate-Card-1-1.png 1655w\"" sizes=\""(max-width: 724px) 100vw, 724px\"" \/>\t\t\t\t\t\t\t\t\t\t\t\t\t\t\t<\/div>\n\t\t\t\t<\/div>\n\t\t\t\t<\/div>\n\t\t<div class=\""elementor-element elementor-element-82d692c e-con-full e-flex e-con e-child\"" data-id=\""82d692c\"" data-element_type=\""container\"">\n\t\t[elementor-element k=\""78258d06751f9e99e38c8ebbeadac3e2\"" data=\""eyJpZCI6IjQ0NDM5MjhmIiwiZWxUeXBlIjoid2lkZ2V0Iiwic2V0dGluZ3MiOnsiZWRpdG9yIjoiPG9sPjxsaSBzdHlsZT1cImZvbnQtd2VpZ2h0OiA0MDA7XCIgYXJpYS1sZXZlbD1cIjFcIj48Yj5JbmZsdWVuY2VyIFNvdXJjaW5nIChNaWNybyB0byBNZWdhICZhbXA7IGNlbGVicml0eSApPFwvYj48c3BhbiBzdHlsZT1cImZvbnQtd2VpZ2h0OiA0MDA7XCI+IEN1cmF0ZWQgc2hvcnRsaXN0IG9mIGNyZWF0b3JzIGJhc2VkIG9uIG5pY2hlLCBlbmdhZ2VtZW50LCBhdWRpZW5jZSBxdWFsaXR5LCBhbmQgZ2VvZ3JhcGh5LjxcL3NwYW4+PFwvbGk+PGxpIHN0eWxlPVwiZm9udC13ZWlnaHQ6IDQwMDtcIiBhcmlhLWxldmVsPVwiMVwiPjxiPkNhbXBhaWduIFBsYW5uaW5nICZhbXA7IEJyaWVmaW5nPFwvYj48c3BhbiBzdHlsZT1cImZvbnQtd2VpZ2h0OiA0MDA7XCI+IENsZWFyIGNyZWF0aXZlIGRpcmVjdGlvbiwgYnJhbmQgbWVzc2FnaW5nLCBhbmQgQ1RBIHN0cnVjdHVyZSBwcm92aWRlZCB0byBhbGwgaW5mbHVlbmNlcnMuPFwvc3Bhbj48XC9saT48bGkgc3R5bGU9XCJmb250LXdlaWdodDogNDAwO1wiIGFyaWEtbGV2ZWw9XCIxXCI+PGI+Q3JlYXRvciBPdXRyZWFjaCAmYW1wOyBOZWdvdGlhdGlvbjxcL2I+PHNwYW4gc3R5bGU9XCJmb250LXdlaWdodDogNDAwO1wiPiBXZSBoYW5kbGUgY29tbXVuaWNhdGlvbiwgcHJpY2luZywgYW5kIGRlbGl2ZXJhYmxlcyBhbGlnbm1lbnQgcHJvZmVzc2lvbmFsbHkuPFwvc3Bhbj48XC9saT48bGkgc3R5bGU9XCJmb250LXdlaWdodDogNDAwO1wiIGFyaWEtbGV2ZWw9XCIxXCI+PGI+VUdDICsgUHJvbW90aW9uYWwgVmlkZW8gRGVsaXZlcmFibGVzPFwvYj48c3BhbiBzdHlsZT1cImZvbnQtd2VpZ2h0OiA0MDA7XCI+IEluZmx1ZW5jZXJzIGRlbGl2ZXIgYm90aCBhZC1yZWFkeSBVR0MgYW5kIG9yZ2FuaWMgYnJhbmQgbWVudGlvbnMuPFwvc3Bhbj48XC9saT48bGkgc3R5bGU9XCJmb250LXdlaWdodDogNDAwO1wiIGFyaWEtbGV2ZWw9XCIxXCI+PGI+Q29udGVudCBSZXZpZXcgJmFtcDsgQnJhbmQgQXBwcm92YWw8XC9iPjxzcGFuIHN0eWxlPVwiZm9udC13ZWlnaHQ6IDQwMDtcIj4gQWxsIGNvbnRlbnQgaXMgcHJlLWFwcHJvdmVkIGJ5IHlvdXIgdGVhbSBiZWZvcmUgaXQgZ29lcyBsaXZlLjxcL3NwYW4+PFwvbGk+PGxpIHN0eWxlPVwiZm9udC13ZWlnaHQ6IDQwMDtcIiBhcmlhLWxldmVsPVwiMVwiPjxiPk11bHRpLVBsYXRmb3JtIENhbXBhaWduIEV4ZWN1dGlvbjxcL2I+PHNwYW4gc3R5bGU9XCJmb250LXdlaWdodDogNDAwO1wiPiBDYW1wYWlnbnMgZGVsaXZlcmVkIGFjcm9zcyBJbnN0YWdyYW0sIFlvdVR1YmUsIGFuZCBzaG9ydC1mb3JtIHBsYXRmb3JtcyBsaWtlIFJlZWxzXC9TaG9ydHMuPFwvc3Bhbj48XC9saT48bGkgc3R5bGU9XCJmb250LXdlaWdodDogNDAwO1wiIGFyaWEtbGV2ZWw9XCIxXCI+PGI+SGFzaHRhZyAmYW1wOyBUYWcgTW9uaXRvcmluZzxcL2I+PHNwYW4gc3R5bGU9XCJmb250LXdlaWdodDogNDAwO1wiPiBFbnN1cmUgYnJhbmQgdmlzaWJpbGl0eSwgYWNjdXJhdGUgdGFnZ2luZywgYW5kIHByb3BlciBjYW1wYWlnbiB0cmFja2luZy48XC9zcGFuPjxcL2xpPjxsaSBzdHlsZT1cImZvbnQtd2VpZ2h0OiA0MDA7XCIgYXJpYS1sZXZlbD1cIjFcIj48Yj5Db3Vwb24gQ29kZSAmYW1wOyBBZmZpbGlhdGUgSW50ZWdyYXRpb248XC9iPjxzcGFuIHN0eWxlPVwiZm9udC13ZWlnaHQ6IDQwMDtcIj4gVHJhY2thYmxlIGxpbmtzIG9yIGNvdXBvbiBjb2RlcyBmb3IgbWVhc3VyaW5nIGluZGl2aWR1YWwgaW5mbHVlbmNlciBwZXJmb3JtYW5jZS48XC9zcGFuPjxcL2xpPjxsaSBzdHlsZT1cImZvbnQtd2VpZ2h0OiA0MDA7XCIgYXJpYS1sZXZlbD1cIjFcIj48Yj5FbmdhZ2VtZW50IE1vbml0b3JpbmcgJmFtcDsgQ29tbXVuaXR5IFJlc3BvbnNlPFwvYj48c3BhbiBzdHlsZT1cImZvbnQtd2VpZ2h0OiA0MDA7XCI+IFdlIHRyYWNrIGNvbW1lbnRzLCBETXMsIGFuZCBicmFuZCBtZW50aW9ucyBwb3N0LWxhdW5jaC48XC9zcGFuPjxcL2xpPjxsaSBzdHlsZT1cImZvbnQtd2VpZ2h0OiA0MDA7XCIgYXJpYS1sZXZlbD1cIjFcIj48Yj5QZXJmb3JtYW5jZSBSZXBvcnQgJmFtcDsgUk9JIFN1bW1hcnk8XC9iPjxzcGFuIHN0eWxlPVwiZm9udC13ZWlnaHQ6IDQwMDtcIj4gRnVsbCBhbmFseXRpY3Mgb24gcmVhY2gsIGVuZ2FnZW1lbnQsIGNsaWNrcywgY29udmVyc2lvbnMsIGFuZCBjcmVhdG9yIGJyZWFrZG93bi48XC9zcGFuPjxcL2xpPjxcL29sPjxwPjxiPk5vdGU6PFwvYj4gPGk+PHNwYW4gc3R5bGU9XCJmb250LXdlaWdodDogNDAwO1wiPkluZmx1ZW5jZXIgc2VsZWN0aW9uLCBwcmljaW5nLCBhbmQgdGltZWxpbmVzIHZhcnkgYnkgbmljaGUsIGF1ZGllbmNlIHNpemUsIGFuZCBjb250ZW50IHR5cGUuIEFsbCBjYW1wYWlnbnMgYXJlIGN1c3RvbWl6ZWQgZm9yIHlvdXIgYnVkZ2V0LCBtYXJrZXQsIGFuZCBncm93dGggZ29hbHMuPFwvc3Bhbj48XC9pPjxcL3A+In0sImVsZW1lbnRzIjpbXSwid2lkZ2V0VHlwZSI6InRleHQtZWRpdG9yIn0=\""]\t\t<\/div>\n\t\t\t\t\t<\/div>\n\t\t\t\t<\/div>\n\t\t<div class=\""elementor-element elementor-element-1e397bd3 e-flex e-con-boxed e-con e-parent\"" data-id=\""1e397bd3\"" data-element_type=\""container\"">\n\t\t\t\t\t<div class=\""e-con-inner\"">\n\t\t\t\t\t<\/div>\n\t\t\t\t<\/div>\n\t\t"",""scripts"":[],""styles"":[]}}",0,,,
14098,simple,,,"Podcast - Branding",1,0,visible,"<ul>
\n 	<li style=""font-weight: 400;"" aria-level=""1""><span style=""font-weight: 400;"">Build a podcast that reflects your brand's voice, identity, and authority.</span></li>
\n</ul>
\n<ul>
\n 	<li style=""font-weight: 400;"" aria-level=""1""><span style=""font-weight: 400;"">We handle strategy, cover art, metadata, platform setup, and promotional branding.</span></li>
\n</ul>
\n<ul>
\n 	<li style=""font-weight: 400;"" aria-level=""1""><span style=""font-weight: 400;"">Add guest pitching, reels, and monetization playbooks to scale your message.</span></li>
\n</ul>
\n<ul>
\n 	<li style=""font-weight: 400;"" aria-level=""1""><span style=""font-weight: 400;"">Note: Recording, editing, and promotion budgets vary by scope and are handled separately.</span></li>
\n</ul>
\n&nbsp;","<ul>
\n 	<li style=""font-weight: 400;"" aria-level=""1""><b>Podcast Strategy &amp; Identity Building</b><span style=""font-weight: 400;""> Define niche, audience, value proposition, and tone of voice for brand alignment.</span></li>
\n</ul>
\n<ul>
\n 	<li style=""font-weight: 400;"" aria-level=""1""><b>Show Name, Logo &amp; Cover Art Design</b><span style=""font-weight: 400;""> Custom visual identity including title treatment and cover optimized for Spotify, Apple &amp; more.</span></li>
\n</ul>
\n<ul>
\n 	<li style=""font-weight: 400;"" aria-level=""1""><b>Intro/Outro Scriptwriting &amp; Voiceover</b><span style=""font-weight: 400;""> Professional opening and closing segments with voice talent and licensed music options.</span></li>
\n</ul>
\n<ul>
\n 	<li style=""font-weight: 400;"" aria-level=""1""><b>Episode Cover Templates &amp; Style Guides</b><span style=""font-weight: 400;""> Consistent templates for recurring content to maintain brand recognition.</span></li>
\n</ul>
\n<ul>
\n 	<li style=""font-weight: 400;"" aria-level=""1""><b>Distribution Channel Setup &amp; Hosting</b><span style=""font-weight: 400;""> Submission to Spotify, Apple, Google Podcasts, and integration with RSS hosting platforms.</span></li>
\n</ul>
\n<ul>
\n 	<li style=""font-weight: 400;"" aria-level=""1""><b>SEO-Optimized Titles &amp; Descriptions</b><span style=""font-weight: 400;""> Keyword-rich metadata to boost discoverability across platforms and search engines.</span></li>
\n</ul>
\n<ul>
\n 	<li style=""font-weight: 400;"" aria-level=""1""><b>Micro-Content Snippets (Reels/Shorts)</b><span style=""font-weight: 400;""> Clip editing for Instagram, YouTube Shorts &amp; LinkedIn to maximize reach.</span></li>
\n</ul>
\n<ul>
\n 	<li style=""font-weight: 400;"" aria-level=""1""><b>Guest Outreach &amp; Collab Pitch Decks</b><span style=""font-weight: 400;""> Templates and coordination support to onboard industry guests and build network authority.</span></li>
\n</ul>
\n<ul>
\n 	<li style=""font-weight: 400;"" aria-level=""1""><b>Brand Mentions, Ads &amp; Monetization Framework</b><span style=""font-weight: 400;""> Consultation on brand mentions, mid-rolls, and sponsorship packaging.</span></li>
\n</ul>
\n<ul>
\n 	<li style=""font-weight: 400;"" aria-level=""1""><b>Performance Dashboard &amp; Analytics Integration</b><span style=""font-weight: 400;""> Weekly insights on listener demographics, retention, and channel growth.</span></li>
\n</ul>
\n<b>Note:</b><span style=""font-weight: 400;""> We guide your brand through the podcast journey—from strategy to distribution. Episode production (recording/editing) and ad budget (if any) are managed separately and may incur additional costs based on scope.</span>",,,taxable,,1,,,0,0,,,,,1,,,0000,"All Services",,,"https://hastagcreator.com/wp-content/uploads/2025/06/phone-with-music-icon-headphones-blurred-background-music-listening-concept-copy-space-scaled.jpg, https://hastagcreator.com/wp-content/uploads/2025/06/phone-with-music-icon-headphones-blurred-background-music-listening-concept-copy-space-scaled.jpg, https://hastagcreator.com/wp-content/uploads/2025/06/top-view-mic-air-notebook-scaled.jpg, https://hastagcreator.com/wp-content/uploads/2025/06/woman-making-podcast-studio-scaled.jpg",,,,,,,,,0,,default,default,8,0,30,default,default,1,default,default,Category,default,1,300,center,76,40,0,0.3,1,center,1,40,14,0,1200,60px,32,1,14,,,,,,,,,,,,,,,
15069,"simple, downloadable",,,"Sell it like Baniya"" - Your Ultimate Shopify Success Guide",1,0,visible,"24 Psychological Parameters to turn visitors into paying customers.
\n
\nSimple, No-Coding Tricks to optimize your store for maximum conversions.
\n
\nThe secret to generating prepaid orders and eliminating Cash on Delivery (COD) issues.","24 Psychological Parameters to turn visitors into paying customers.
\n
\nSimple, No-Coding Tricks to optimize your store for maximum conversions.
\n
\nThe secret to generating prepaid orders and eliminating Cash on Delivery (COD) issues.
\n
\nHow to build instant trust with your audience and create a brand that people love.
\n
\nStrategies that are proven to work in the Indian market.
\n
\nAll this, and much more, for just Rs. 299/-! That’s less than a single meal at a restaurant!
\n
\nBut wait, there's a special offer you simply cannot refuse!
\nHum jaante hain, e-commerce mein foundation kitni important hai. Isiliye, we are providing a once-in-a-lifetime opportunity.
\n
\nThe first 100 people who purchase this E-book will get 15 days of FREE Meta Ads campaign management from our expert team!
\n
\nOur team will set up your entire Meta Ads foundation.
\n
\nWe will run your ad campaigns for 15 days, absolutely free of our service fees.",,,taxable,,1,,,0,0,,,,,1,,299,499,"Performance Marketing, Web Development",,,"https://hastagcreator.com/wp-content/uploads/2025/09/Book-Mockup-10-scaled.webp, https://hastagcreator.com/wp-content/uploads/2025/09/Book-Mockup-11-scaled.webp, https://hastagcreator.com/wp-content/uploads/2025/09/Book-Mockup-9-scaled.webp",100000,10000,,,,,,,0,,default,default,8,0,30,default,default,1,default,default,Category,default,1,300,center,76,40,0,0.3,1,center,1,40,14,0,1200,60px,32,1,14,,,,,,,,,,,,0,9b84d457-ba01-4a3e-9a17-3f6d72da23a1,"19-Website sales Parameters",https://hastagcreator.com/wp-content/uploads/woocommerce_uploads/2025/09/19-Sales-website-Parameters-xjemsy.pdf
